<?xml version="1.0" encoding="UTF-8"?>
<!DOCTYPE mapper PUBLIC "-//mybatis.org//DTD Mapper 3.0//EN" "http://mybatis.org/dtd/mybatis-3-mapper.dtd">
<mapper namespace="com.nsapi.niceschoolapi.mapper.RoleMapper">

  <!-- 通用查询映射结果 -->
  <resultMap id="BaseResultMap" type="com.nsapi.niceschoolapi.entity.Role">
    <id column="id" property="id" />
    <result column="name" property="name" />
    <result column="create_date" property="createDate" />
    <result column="create_by" property="createBy" />
    <result column="update_date" property="updateDate" />
    <result column="update_by" property="updateBy" />
    <result column="remarks" property="remarks" />
    <result column="del_flag" property="delFlag" />
  </resultMap>

  <!-- 通用查询结果列 -->
  <sql id="Base_Column_List">
      id, name, create_date, create_by, update_date, update_by, remarks, del_flag
   </sql>

  <insert id="saveRoleMenus">
    insert into sys_role_menu(role_id,menu_id)
    values
    <foreach collection="menus" item="m" index="index" separator="," >
      (#{roleId},#{m.id})
    </foreach>
  </insert>

  <resultMap type="com.nsapi.niceschoolapi.entity.Role" id="RoleMap">
    <id property="id" column="id"/>
    <result property="name" column="name"/>
    <result property="remarks" column="remarks"/>
    <result property="delFlag" column="del_flag"/>
    <collection property="menuSet"  ofType="com.nsapi.niceschoolapi.entity.Menu">
      <result property="id" column="menuSet.id"/>
      <result property="name" column="menuSet.name"/>
      <result property="permission" column="menuSet.permission"/>
      <result property="icon" column="menuSet.icon"/>
      <result property="href" column="menu.href"/>
      <result property="bgColor" column="menu.bgColor"/>
    </collection>
  </resultMap>

  <select id="selectRoleById" resultMap="RoleMap"  parameterType="java.lang.String">
    SELECT
    r.id,
    r.name,
    r.remarks,
    r.del_flag,
    m.id  	        AS 	"menuSet.id",
    m.name          AS  "menuSet.name",
    m.permission    AS  "menuSet.permission",
    m.icon          AS  "menuSet.icon",
    m.href      	AS 	"menu.href",
    m.bg_color      AS  "menu.bgColor"
    from
    sys_role r
    left join sys_role_menu  srm 	on 	    srm.role_id = r.id
    left join sys_menu  m    		on 	    m.id = srm.menu_id
    where
    r.del_flag = FALSE
    <if test="roleId != null and roleId != ''">
      and r.id = #{roleId}
    </if>
  </select>

  <delete id="dropRoleMenus" parameterType="java.lang.String">
    delete from sys_role_menu where role_id = #{roleId}
  </delete>

  <delete id="dropRoleUsers" parameterType="java.lang.String">
    delete from sys_user_role where role_id = #{roleId}
  </delete>

</mapper>